"#","Performer","Title","Inst.","Style","Year","Tempo","Tones","NA","NA","Inst"
"1","Art Pepper","Anthropology","cl","Cool","1979","218.8",530,"Score","JazzTube","cl"
"2","Art Pepper","Blues for Blanche","as","Cool","1979","198.9",666,"Score","JazzTube","as"
"3","Art Pepper","Desafinado","as","Cool","1979","140.5",373,"Score","JazzTube","as"
"4","Art Pepper","In a Mellow Tone","cl","Cool","1979","167.6",565,"Score","JazzTube","cl"
"5","Art Pepper","Stardust","as","Cool","1979","60.7",591,"Score","JazzTube","as"
"6","Art Pepper","Stardust (2)","as","Cool","1979","60.2",909,"Score","JazzTube","as"
"7","Benny Carter","I Got It Bad","as","Swing","1952","68.2",558,"Score","JazzTube","as"
"8","Benny Carter","It’s a Wonderful World","as","Swing","1986","124.2",427,"Score","JazzTube","as"
"9","Benny Carter","It’s a Wonderful World (2)","as","Swing","1986","127.2",249,"Score","JazzTube","as"
"10","Benny Carter","Just Friends","as","Swing","1986","204.9",568,"Score","JazzTube","as"
"11","Benny Carter","Long Ago and Far Away","as","Swing","1952","185.0",231,"Score","JazzTube","as"
"12","Benny Carter","Long Ago and Far Away (2)","as","Swing","1952","185.8",254,"Score","JazzTube","as"
"13","Benny Carter","Sweet Lorraine","as","Swing","1986","91.5",363,"Score","JazzTube","as"
"14","Benny Goodman","Avalon","cl","Swing","1937","241.0",162,"Score","JazzTube","cl"
"15","Benny Goodman","Handful of Keys","cl","Swing","1937","303.1",81,"Score","JazzTube","cl"
"16","Benny Goodman","Nobody’s Sweetheart","cl","Swing","1936","311.3",198,"Score","JazzTube","cl"
"17","Benny Goodman","Runnin’ Wild","cl","Swing","1937","285.0",162,"Score","JazzTube","cl"
"18","Benny Goodman","Tiger Rag","cl","Swing","1936","268.0",180,"Score","JazzTube","cl"
"19","Benny Goodman","Tiger Rag (2)","cl","Swing","1936","271.2",203,"Score","JazzTube","cl"
"20","Benny Goodman","Whispering","cl","Swing","1936","198.6",158,"Score","JazzTube","cl"
"21","Ben Webster","Bye Bye Blackbird","ts","Swing","1959","140.8",451,"Score","JazzTube","ts"
"22","Ben Webster","Did You Call Her Today","ts","Swing","1962","118.4",424,"Score","JazzTube","ts"
"23","Ben Webster","My Ideal","ts","Swing","1956","74.2",308,"Score","JazzTube","ts"
"24","Ben Webster","Night and Day","ts","Swing","1956","182.2",375,"Score","JazzTube","ts"
"25","Ben Webster","Where or When","ts","Swing","1956","82.1",268,"Score","JazzTube","ts"
"26","Bix Beiderbecke","I’m Coming Virginia","cor","Traditional","1927","131.5",225,"Score","JazzTube","cor"
"27","Bix Beiderbecke","Margie","cor","Traditional","1928","180.0",62,"Score","JazzTube","cor"
"28","Bix Beiderbecke","Riverboat Shuffle","cor","Traditional","1927","210.9",161,"Score","JazzTube","cor"
"29","Bix Beiderbecke","Royal Garden Blues","cor","Traditional","1927","174.1",72,"Score","JazzTube","cor"
"30","Bix Beiderbecke","Singin the Blues","cor","Traditional","1927","134.0",160,"Score","JazzTube","cor"
"31","Bob Berg","Angles","ts","Postbop","1993","270.1",799,"Score","JazzTube","ts"
"32","Bob Berg","Blues for Bela","ts","Postbop","1993","249.4",533,"Score","JazzTube","ts"
"33","Bob Berg","I Didn’t Know What Time It Was","ts","Postbop","1979","126.7",906,"Score","JazzTube","ts"
"34","Bob Berg","Nature of the Beast","ts","Postbop","1993","131.8",964,"Score","JazzTube","ts"
"35","Bob Berg","No Moe","ts","Postbop","1993","161.8",633,"Score","JazzTube","ts"
"36","Bob Berg","Second Sight","ts","Fusion","1993","114.3",404,"Score","JazzTube","ts"
"37","Bob Berg","You and the Night and the Music","ts","Postbop","1997","167.1",655,"Score","JazzTube","ts"
"38","Branford Marsalis","Gutbucket Steepy","ts","Postbop","1988","70.1",495,"Score","JazzTube","ts"
"39","Branford Marsalis","Housed from Edward","ts","Postbop","1988","126.6",845,"Score","JazzTube","ts"
"40","Branford Marsalis","Housed from Edward (2)","ts","Postbop","1988","121.9",163,"Score","JazzTube","ts"
"41","Branford Marsalis","The Nearness of You","ts","Postbop","1988","36.8",971,"Score","JazzTube","ts"
"42","Branford Marsalis","Three Little Words","ts","Postbop","1988","264.3",1104,"Score","JazzTube","ts"
"43","Branford Marsalis","U.M.M.G.","ts","Postbop","1988","211.6",1113,"Score","JazzTube","ts"
"44","Buck Clayton","After Theatre Jump","tp","Swing","1944","175.9",156,"Score","JazzTube","tp"
"45","Buck Clayton","Destination K.C.","tp","Swing","1944","248.0",272,"Score","JazzTube","tp"
"46","Buck Clayton","Dickie’s Dream","tp","Swing","1939","230.8",161,"Score","JazzTube","tp"
"47","Cannonball Adderley","High Fly","as","Hardbop","1959","128.9",530,"Score","JazzTube","as"
"48","Cannonball Adderley","So What","as","Postbop","1959","142.2",445,"Score","JazzTube","as"
"49","Cannonball Adderley","Star Eyes","as","Hardbop","1961","193.9",450,"Score","JazzTube","as"
"50","Cannonball Adderley","This Here","as","Hardbop","1959","174.7",826,"Score","JazzTube","as"
"51","Cannonball Adderley","Work Song","as","Hardbop","1960","156.3",391,"Score","JazzTube","as"
"52","Charlie Parker","Billie’s Bounce","as","Bebop","1945","158.5",303,"Score","JazzTube","as"
"53","Charlie Parker","Blues for Alice","as","Bebop","1951","168.9",279,"Score","JazzTube","as"
"54","Charlie Parker","Don’t Blame Me","as","Bebop","1947","63.7",516,"Score","JazzTube","as"
"55","Charlie Parker","Donna Lee","as","Bebop","1947","225.7",371,"Score","JazzTube","as"
"56","Charlie Parker","Embraceable You","as","Bebop","1947","72.3",450,"Score","JazzTube","as"
"57","Charlie Parker","How Deep Is the Ocean","as","Bebop","1947","71.9",375,"Score","JazzTube","as"
"58","Charlie Parker","K.C. Blues","as","Bebop","1951","118.3",196,"Score","JazzTube","as"
"59","Charlie Parker","Ko-Ko","as","Bebop","1945","299.4",538,"Score","JazzTube","as"
"60","Charlie Parker","My Little Suede Shoes","as","Bebop","1951","145.9",256,"Score","JazzTube","as"
"61","Charlie Parker","Ornithology","as","Bebop","1946","221.0",194,"Score","JazzTube","as"
"62","Charlie Parker","Out of Nowhere","as","Bebop","1947","67.6",482,"Score","JazzTube","as"
"63","Charlie Parker","Scrapple from the Apple","as","Bebop","1947","165.0",270,"Score","JazzTube","as"
"64","Charlie Parker","Segment","as","Bebop","1949","246.9",351,"Score","JazzTube","as"
"65","Charlie Parker","Star Eyes","as","Bebop","1950","133.8",314,"Score","JazzTube","as"
"66","Charlie Parker","Steeplechase","as","Bebop","1948","175.2",228,"Score","JazzTube","as"
"67","Charlie Parker","Thriving on a Riff","as","Bebop","1945","227.2",357,"Score","JazzTube","as"
"68","Charlie Parker","Yardbird Suite","as","Bebop","1946","209.8",192,"Score","JazzTube","as"
"69","Charlie Shavers","Limehouse Blues","tp","Traditional","1941","269.1",145,"Score","JazzTube","tp"
"70","Chet Baker","I Fall in Love Too Easily","tp","Cool","1954","65.2",129,"Score","JazzTube","tp"
"71","Chet Baker","Just Friends","tp","Cool","1955","189.9",191,"Score","JazzTube","tp"
"72","Chet Baker","Let’s Get Lost","tp","Cool","1955","157.5",142,"Score","JazzTube","tp"
"73","Chet Baker","Long Ago and Far Away","tp","Cool","1955","177.5",171,"Score","JazzTube","tp"
"74","Chet Baker","There Will Never Be Another You","tp","Cool","1954","168.7",190,"Score","JazzTube","tp"
"75","Chet Baker","There Will Never Be Another You (2)","tp","Cool","1954","169.8",121,"Score","JazzTube","tp"
"76","Chet Baker","Two’s Blues","tp","Cool","1975","202.2",173,"Score","JazzTube","tp"
"77","Chet Baker","You’d Be So Nice to Come Home to","tp","Cool","1975","225.4",311,"Score","JazzTube","tp"
"78","Chris Potter","Anthropology","ts","Postbop","1999","245.3",687,"Score","JazzTube","ts"
"79","Chris Potter","Arjuna","ts","Fusion","2007","117.7",1318,"Score","JazzTube","ts"
"80","Chris Potter","In a Sentimental Mood","ts","Postbop","1993","48.6",413,"Score","JazzTube","ts"
"81","Chris Potter","Item 1, D.I.T.","ts","Postbop","2001","301.0",1631,"Score","JazzTube","ts"
"82","Chris Potter","Pop Tune #1","ts","Fusion","2007","108.6",1353,"Score","JazzTube","ts"
"83","Chris Potter","Rumples","ts","Fusion","2009","134.9",821,"Score","JazzTube","ts"
"84","Chris Potter","Togo","ts","Fusion","2007","112.0",933,"Score","JazzTube","ts"
"85","Chu Berry","Body and Soul","ts","Swing","1938","81.9",251,"Score","JazzTube","ts"
"86","Chu Berry","Body and Soul (2)","ts","Swing","1938","92.5",122,"Score","JazzTube","ts"
"87","Clifford Brown","A Night in Tunisia","tp","Hardbop","1954","189.7",624,"Score","JazzTube","tp"
"88","Clifford Brown","Daahoud","tp","Hardbop","1954","240.9",398,"Score","JazzTube","tp"
"89","Clifford Brown","George’s Dilemma","tp","Hardbop","1955","154.8",429,"Score","JazzTube","tp"
"90","Clifford Brown","I’ll Remember April (Alternate Take 2)","tp","Hardbop","1956","291.5",573,"Score","JazzTube","tp"
"91","Clifford Brown","I’ll Remember April","tp","Hardbop","1956","285.4",590,"Score","JazzTube","tp"
"92","Clifford Brown","Jordu","tp","Hardbop","1954","139.0",552,"Score","JazzTube","tp"
"93","Clifford Brown","Joy Spring","tp","Hardbop","1954","161.0",455,"Score","JazzTube","tp"
"94","Clifford Brown","Sandu","tp","Hardbop","1955","139.5",201,"Score","JazzTube","tp"
"95","Clifford Brown","Stompin’ at the Savoy","tp","Hardbop","1954","163.9",410,"Score","JazzTube","tp"
"96","Coleman Hawkins","Body and Soul","ts","Swing","1939","95.0",635,"Score","JazzTube","ts"
"97","Coleman Hawkins","It’s Only a Papermoon","ts","Swing","1949","133.7",257,"Score","JazzTube","ts"
"98","Coleman Hawkins","My Blue Heaven","ts","Swing","1950","132.0",207,"Score","JazzTube","ts"
"99","Coleman Hawkins","Perdido","ts","Swing","1950","177.5",468,"Score","JazzTube","ts"
"100","Coleman Hawkins","Sophisticated Lady","ts","Swing","1949","67.6",696,"Score","JazzTube","ts"
"101","Coleman Hawkins","Stompin’ at the Savoy","ts","Swing","1954","250.2",346,"Score","JazzTube","ts"
"102","Curtis Fuller","Blue Train","tb","Hardbop","1957","131.8",382,"Score","JazzTube","tb"
"103","Curtis Fuller","Down Under","tb","Hardbop","1961","147.4",119,"Score","JazzTube","tb"
"104","David Liebman","Begin the Beguine","ss","Postbop","1988","120.1",319,"Score","JazzTube","ss"
"105","David Liebman","Day & Nite","ss","Postbop","1988","244.9",819,"Score","JazzTube","ss"
"106","David Liebman","I’ve Got You Under My Skin","ss","Postbop","1988","256.2",914,"Score","JazzTube","ss"
"107","David Liebman","Milestones","ss","Postbop","1992","312.0",502,"Score","JazzTube","ss"
"108","David Liebman","Nica’s Dream","ss","Postbop","1992","151.2",656,"Score","JazzTube","ss"
"109","David Liebman","No Greater Love","ts","Postbop","1996","209.1",380,"Score","JazzTube","ts"
"110","David Liebman","Pablo’s Story","ss","Postbop","1988","144.2",712,"Score","JazzTube","ss"
"111","David Liebman","Pendulum","ss","Postbop","1988","258.6",677,"Score","JazzTube","ss"
"112","David Liebman","Secret Love","ts","Postbop","1996","272.7",642,"Score","JazzTube","ts"
"113","David Liebman","Softly as in a Morning Sunrise","ss","Postbop","1988","260.7",1098,"Score","JazzTube","ss"
"114","David Liebman","There Will Never Be Another You","ts","Postbop","1996","151.7",799,"Score","JazzTube","ts"
"115","David Murray","Ask Me Now","ts","Postbop","1991","131.2",281,"Score","JazzTube","ts"
"116","David Murray","Blues for Two","ts","Postbop","1990","60.4",1302,"Score","JazzTube","ts"
"117","David Murray","Blues for Two (2)","ts","Postbop","1990","61.3",124,"Score","JazzTube","ts"
"118","David Murray","Body and Soul","ts","Postbop","1983","65.9",564,"Score","JazzTube","ts"
"119","David Murray","Body and Soul (2)","ts","Postbop","1983","65.1",146,"Score","JazzTube","ts"
"120","David Murray","Chelsea Bridge","ts","Postbop","1990","53.0",588,"Score","JazzTube","ts"
"121","Dexter Gordon","Cheese Cake","ts","Hardbop","1962","220.9",588,"Score","JazzTube","ts"
"122","Dexter Gordon","Dextivity","ts","Bebop","1947","93.2",348,"Score","JazzTube","ts"
"123","Dexter Gordon","Montmartre","ts","Hardbop","1969","204.2",680,"Score","JazzTube","ts"
"124","Dexter Gordon","Society Red","ts","Hardbop","1961","113.7",1037,"Score","JazzTube","ts"
"125","Dexter Gordon","Stanley the Steamer","ts","Hardbop","1969","181.2",777,"Score","JazzTube","ts"
"126","Dexter Gordon","The Rainbow People","ts","Hardbop","1969","120.0",719,"Score","JazzTube","ts"
"127","Dickie Wells","After Theatre Jump","tb","Swing","1944","173.5",158,"Score","JazzTube","tb"
"128","Dickie Wells","Destination K.C.","tb","Swing","1944","249.1",129,"Score","JazzTube","tb"
"129","Dickie Wells","Dickie’s Dream","tb","Swing","1939","229.4",109,"Score","JazzTube","tb"
"130","Dickie Wells","I Got Rhythm","tb","Swing","1944","243.4",236,"Score","JazzTube","tb"
"131","Dickie Wells","Jo-Jo","tb","Swing","1944","183.4",114,"Score","JazzTube","tb"
"132","Dickie Wells","Six Cats and a Prince","tb","Swing","1944","217.6",124,"Score","JazzTube","tb"
"133","Dizzy Gillespie","Anthropology","tp","Bebop","1946","245.7",158,"Score","JazzTube","tp"
"134","Dizzy Gillespie","Be-Bop","tp","Bebop","1945","290.2",536,"Score","JazzTube","tp"
"135","Dizzy Gillespie","Blue ‘n Boogie","tp","Bebop","1945","204.4",305,"Score","JazzTube","tp"
"136","Dizzy Gillespie","Cognac Blues","tp","Bebop","1952","113.6",150,"Score","JazzTube","tp"
"137","Dizzy Gillespie","Groovin’ High","tp","Bebop","1945","181.9",442,"Score","JazzTube","tp"
"138","Dizzy Gillespie","Hot House","tp","Bebop","1945","171.1",217,"Score","JazzTube","tp"
"139","Don Byas","Be-Bop","ts","Bebop","1945","288.6",336,"Score","JazzTube","ts"
"140","Don Byas","Body and Soul","ts","Swing","1947","98.6",723,"Score","JazzTube","ts"
"141","Don Byas","Cognac Blues","ts","Swing","1952","115.9",193,"Score","JazzTube","ts"
"142","Don Byas","Harvard Blues","ts","Swing","1945","98.5",72,"Score","JazzTube","ts"
"143","Don Byas","Harvard Blues (2)","ts","Swing","1945","99.3",122,"Score","JazzTube","ts"
"144","Don Byas","Infidele (Cry)","ts","Swing","1952","120.1",253,"Score","JazzTube","ts"
"145","Don Byas","Out of Nowhere","ts","Swing","1945","55.5",267,"Score","JazzTube","ts"
"146","Don Byas","Un Amour Pleurait","ts","Swing","1952","106.0",298,"Score","JazzTube","ts"
"147","Don Ellis","I Love You","tp","Postbop","1961","146.9",305,"Score","JazzTube","tp"
"148","Don Ellis","Johnny Come Lately","tp","Postbop","1962","211.3",298,"Score","JazzTube","tp"
"149","Don Ellis","Out of Nowhere","tp","Postbop","1961","151.9",229,"Score","JazzTube","tp"
"150","Don Ellis","Sweet and Lovely","tp","Postbop","1961","134.1",331,"Score","JazzTube","tp"
"151","Don Ellis","You Stepped Out of a Dream","tp","Postbop","1961","199.5",177,"Score","JazzTube","tp"
"152","Don Ellis","You Stepped Out of a Dream (2)","tp","Postbop","1961","168.9",118,"Score","JazzTube","tp"
"153","Eric Dolphy","245","as","Postbop","1960","71.2",730,"Score","JazzTube","as"
"154","Eric Dolphy","Aisha","as","Postbop","1961","62.9",379,"Score","JazzTube","as"
"155","Eric Dolphy","Dahomey Dance","as","Postbop","1961","128.9",552,"Score","JazzTube","as"
"156","Eric Dolphy","Les","as","Postbop","1960","235.4",502,"Score","JazzTube","as"
"157","Eric Dolphy","On Green Dolphin Street","bcl","Postbop","1960","172.5",567,"Score","JazzTube","bcl"
"158","Eric Dolphy","Serene","bcl","Postbop","1960","75.2",600,"Score","JazzTube","bcl"
"159","Fats Navarro","Anthropology (No1)","tp","Bebop","1948","300.7",379,"Score","JazzTube","tp"
"160","Fats Navarro","Double Talk","tp","Bebop","1948","225.8",660,"Score","JazzTube","tp"
"161","Fats Navarro","Good Bait (Alternate Take)","tp","Bebop","1948","146.2",261,"Score","JazzTube","tp"
"162","Fats Navarro","Good Bait","tp","Bebop","1948","147.4",298,"Score","JazzTube","tp"
"163","Fats Navarro","Our Delight","tp","Bebop","1948","200.7",208,"Score","JazzTube","tp"
"164","Fats Navarro","The Skunk","tp","Bebop","1948","163.8",162,"Score","JazzTube","tp"
"165","Freddie Hubbard","245","tp","Postbop","1960","73.0",439,"Score","JazzTube","tp"
"166","Freddie Hubbard","Dolphin Dance","tp","Postbop","1966","118.9",421,"Score","JazzTube","tp"
"167","Freddie Hubbard","Down Under","tp","Hardbop","1961","146.1",110,"Score","JazzTube","tp"
"168","Freddie Hubbard","Maiden Voyage","tp","Postbop","1965","126.0",552,"Score","JazzTube","tp"
"169","Freddie Hubbard","Society Red","tp","Hardbop","1961","113.6",449,"Score","JazzTube","tp"
"170","Freddie Hubbard","Speak No Evil","tp","Postbop","1964","143.2",251,"Score","JazzTube","tp"
"171","George Coleman","Maiden Voyage","ts","Postbop","1965","125.4",224,"Score","JazzTube","ts"
"172","Gerry Mulligan","Bunny","bs","Cool","1959","115.2",231,"Score","JazzTube","bs"
"173","Gerry Mulligan","Line for Lyons","bs","Cool","1957","173.1",198,"Score","JazzTube","bs"
"174","Gerry Mulligan","Scrapple from the Apple","bs","Cool","1957","252.0",671,"Score","JazzTube","bs"
"175","Gerry Mulligan","The Red Door","bs","Cool","1960","236.4",359,"Score","JazzTube","bs"
"176","Gerry Mulligan","This Can’t Be Love","bs","Cool","1957","269.1",960,"Score","JazzTube","bs"
"177","Gerry Mulligan","Walking Shoes","bs","Cool","1952","137.2",202,"Score","JazzTube","bs"
"178","Hank Mobley","Doodlin’","ts","Hardbop","1954","121.3",283,"Score","JazzTube","ts"
"179","Hank Mobley","Lady Bird","ts","Hardbop","1955","220.7",499,"Score","JazzTube","ts"
"180","Hank Mobley","Remember","ts","Hardbop","1960","165.9",633,"Score","JazzTube","ts"
"181","Hank Mobley","Soul Station","ts","Hardbop","1960","101.6",703,"Score","JazzTube","ts"
"182","Harry Edison","Did You Call Her Today","tp","Swing","1962","118.5",366,"Score","JazzTube","tp"
"183","Henry Allen","Baby Won’t You Please Come Home","tp","Traditional","1941","211.5",156,"Score","JazzTube","tp"
"184","Herbie Hancock","Agitation","p","Postbop","1965","293.8",343,"Score","JazzTube","p"
"185","Herbie Hancock","Dolores","p","Postbop","1966","282.3",613,"Score","JazzTube","p"
"186","Herbie Hancock","Gingerbread Boy","p","Postbop","1966","285.8",708,"Score","JazzTube","p"
"187","Herbie Hancock","Hand Jive","p","Postbop","1967","262.1",642,"Score","JazzTube","p"
"188","Herbie Hancock","Orbits","p","Postbop","1966","264.9",463,"Score","JazzTube","p"
"189","J.C. Higginbotham","Baby Won’t You Please Come Home","tb","Traditional","1941","209.5",170,"Score","JazzTube","tb"
"190","J.J. Johnson","Blue Mode","tb","Bebop","1949","64.1",222,"Score","JazzTube","tb"
"191","J.J. Johnson","Blues in the Closet","tb","Bebop","1957","234.4",812,"Score","JazzTube","tb"
"192","J.J. Johnson","Crazy Rhythm","tb","Bebop","1957","277.3",611,"Score","JazzTube","tb"
"193","J.J. Johnson","Elora","tb","Bebop","1949","196.9",140,"Score","JazzTube","tb"
"194","J.J. Johnson","My Funny Valentine","tb","Bebop","1957","133.3",365,"Score","JazzTube","tb"
"195","J.J. Johnson","Teapot","tb","Bebop","1949","315.2",251,"Score","JazzTube","tb"
"196","J.J. Johnson","Walkin’","tb","Hardbop","1954","127.9",434,"Score","JazzTube","tb"
"197","J.J. Johnson","Yesterdays","tb","Bebop","1957","125.1",489,"Score","JazzTube","tb"
"198","Joe Henderson","In ‘n Out","ts","Postbop","1964","276.7",1121,"Score","JazzTube","ts"
"199","Joe Henderson","In ‘n Out (2)","ts","Postbop","1964","299.5",517,"Score","JazzTube","ts"
"200","Joe Henderson","Johnny Come Lately","ts","Postbop","1991","247.6",607,"Score","JazzTube","ts"
"201","Joe Henderson","Punjab","ts","Postbop","1964","160.1",716,"Score","JazzTube","ts"
"202","Joe Henderson","Serenity","ts","Postbop","1964","157.3",542,"Score","JazzTube","ts"
"203","Joe Henderson","The Sidewinder","ts","Postbop","1963","153.5",536,"Score","JazzTube","ts"
"204","Joe Henderson","Totem Pole","ts","Postbop","1963","137.6",562,"Score","JazzTube","ts"
"205","Joe Henderson","U.M.M.G.","ts","Postbop","1991","219.2",329,"Score","JazzTube","ts"
"206","Joe Lovano","Body and Soul","ts","Postbop","1991","60.5",986,"Score","JazzTube","ts"
"207","Joe Lovano","Body and Soul (2)","ts","Postbop","1991","59.6",208,"Score","JazzTube","ts"
"208","Joe Lovano","Central Park West","ts","Postbop","1991","62.6",712,"Score","JazzTube","ts"
"209","Joe Lovano","Con Alma","ts","Postbop","1993","124.6",368,"Score","JazzTube","ts"
"210","Joe Lovano","I Can’t Get Started","ts-c","Postbop","1994","106.8",941,"Score","JazzTube","ts-c"
"211","Joe Lovano","Little Willie Leaps in","ts","Postbop","1994","303.7",1427,"Score","JazzTube","ts"
"212","Joe Lovano","Lonnie’s Lament","ts","Postbop","1994","201.0",862,"Score","JazzTube","ts"
"213","Joe Lovano","Work","ss","Postbop","1991","208.7",600,"Score","JazzTube","ss"
"214","John Abercrombie","Ralph’s Piano Waltz","g","Postbop","1988","196.5",298,"Score","JazzTube","g"
"215","John Coltrane","26-2","ts","Hardbop","1960","194.5",668,"Score","JazzTube","ts"
"216","John Coltrane","Bessie’s Blues","ts","Postbop","1964","184.3",352,"Score","JazzTube","ts"
"217","John Coltrane","Blues by Five","ts","Hardbop","1956","176.5",449,"Score","JazzTube","ts"
"218","John Coltrane","Blue Train","ts","Hardbop","1957","141.4",992,"Score","JazzTube","ts"
"219","John Coltrane","Body and Soul (Alternate Take)","ts","Postbop","1960","138.0",421,"Score","JazzTube","ts"
"220","John Coltrane","Body and Soul","ts","Postbop","1960","141.6",393,"Score","JazzTube","ts"
"221","John Coltrane","Countdown","ts","Hardbop","1959","337.6",867,"Score","JazzTube","ts"
"222","John Coltrane","Giant Steps","ts","Hardbop","1959","290.3",1127,"Score","JazzTube","ts"
"223","John Coltrane","Giant Steps (2)","ts","Hardbop","1959","299.2",198,"Score","JazzTube","ts"
"224","John Coltrane","Impressions (1961)","ts","Postbop","1961","293.4",4954,"Score","JazzTube","ts"
"225","John Coltrane","Impressions (1963)","ts","Postbop","1963","278.7",1954,"Score","JazzTube","ts"
"226","John Coltrane","Mr. P.C.","ts","Hardbop","1959","258.2",1165,"Score","JazzTube","ts"
"227","John Coltrane","My Favorite Things","ss","Postbop","1960","179.3",743,"Score","JazzTube","ss"
"228","John Coltrane","My Favorite Things (2)","ss","Postbop","1960","178.9",723,"Score","JazzTube","ss"
"229","John Coltrane","Nature Boy","ts","Postbop","1963","186.1",1292,"Score","JazzTube","ts"
"230","John Coltrane","Nutty","ts","Hardbop","1957","137.8",1226,"Score","JazzTube","ts"
"231","John Coltrane","Oleo","ts","Hardbop","1956","266.2",656,"Score","JazzTube","ts"
"232","John Coltrane","Soultrane","ts","Hardbop","1956","82.1",357,"Score","JazzTube","ts"
"233","John Coltrane","So What","ts","Postbop","1959","141.6",479,"Score","JazzTube","ts"
"234","John Coltrane","Trane’s Blues","ts","Hardbop","1956","164.9",412,"Score","JazzTube","ts"
"235","Johnny Dodds","Got No Blues","cl","Traditional","1927","141.9",100,"Score","JazzTube","cl"
"236","Johnny Dodds","Heebie Jeebies","cl","Traditional","1926","165.8",106,"Score","JazzTube","cl"
"237","Johnny Dodds","Hotter than That","cl","Traditional","1927","212.4",170,"Score","JazzTube","cl"
"238","Johnny Dodds","Muskrat Ramble","cl","Traditional","1926","185.1",93,"Score","JazzTube","cl"
"239","Johnny Dodds","My Heart","cl","Traditional","1925","192.2",111,"Score","JazzTube","cl"
"240","Johnny Dodds","Once in a While","cl","Traditional","1927","208.5",142,"Score","JazzTube","cl"
"241","Johnny Hodges","Bunny","as","Swing","1959","114.4",203,"Score","JazzTube","as"
"242","Johnny Hodges","Early Morning Rock","as","Swing","1957","175.6",117,"Score","JazzTube","as"
"243","Joshua Redman","Blues on Sunday","ts","Postbop","1992","132.7",619,"Score","JazzTube","ts"
"244","Joshua Redman","Home Fries","ts","Postbop","1996","181.4",590,"Score","JazzTube","ts"
"245","Joshua Redman","I Got You","ts","Fusion","1992","145.2",306,"Score","JazzTube","ts"
"246","Joshua Redman","Sweet Sorrow","ts","Postbop","1994","53.0",502,"Score","JazzTube","ts"
"247","Joshua Redman","Tears in Heaven","ts","Fusion","1993","84.0",405,"Score","JazzTube","ts"
"248","Kai Winding","Tiny’s Blues","tb","Bebop","1948","222.5",208,"Score","JazzTube","tb"
"249","Kenny Dorham","Blues in Be-Bop","tp","Bebop","1946","186.7",158,"Score","JazzTube","tp"
"250","Kenny Dorham","Doodlin’","tp","Hardbop","1954","121.1",230,"Score","JazzTube","tp"
"251","Kenny Dorham","In ‘n Out","tp","Postbop","1964","294.0",589,"Score","JazzTube","tp"
"252","Kenny Dorham","Lady Bird","tp","Hardbop","1955","211.6",483,"Score","JazzTube","tp"
"253","Kenny Dorham","Prince Albert","tp","Hardbop","1955","152.9",738,"Score","JazzTube","tp"
"254","Kenny Dorham","Punjab","tp","Postbop","1964","154.9",477,"Score","JazzTube","tp"
"255","Kenny Dorham","Serenity","tp","Postbop","1964","154.9",181,"Score","JazzTube","tp"
"256","Kenny Garrett","Brother Hubbard","as","Fusion","1997","148.0",312,"Score","JazzTube","as"
"257","Kenny Garrett","Brother Hubbard (2)","as","Fusion","1997","143.2",452,"Score","JazzTube","as"
"258","Kenny Wheeler","Double Vision","tp","Postbop","1985","155.1",323,"Score","JazzTube","tp"
"259","Kenny Wheeler","Pass It On","tp","Fusion","1991","105.7",264,"Score","JazzTube","tp"
"260","Kenny Wheeler","Slipped again","tp","Postbop","1991","130.1",256,"Score","JazzTube","tp"
"261","Kid Ory","Got No Blues","tb","Traditional","1927","144.7",80,"Score","JazzTube","tb"
"262","Kid Ory","Gut Bucket Blues","tb","Traditional","1925","149.8",43,"Score","JazzTube","tb"
"263","Kid Ory","Muskrat Ramble","tb","Traditional","1926","184.0",52,"Score","JazzTube","tb"
"264","Kid Ory","Savoy Blues","tb","Traditional","1927","129.6",59,"Score","JazzTube","tb"
"265","Kid Ory","Who’s it","tb","Traditional","1926","211.6",85,"Score","JazzTube","tb"
"266","Lee Konitz","All the Things You Are","as","Cool","1955","192.5",686,"Score","JazzTube","as"
"267","Lee Konitz","Bop Goes to Leesel","as","Cool","1954","229.2",420,"Score","JazzTube","as"
"268","Lee Konitz","Crosscurrent","as","Cool","1949","255.8",205,"Score","JazzTube","as"
"269","Lee Konitz","I’ll Remember April","as","Cool","1954","211.2",830,"Score","JazzTube","as"
"270","Lee Konitz","Marshmallow","as","Cool","1949","298.6",352,"Score","JazzTube","as"
"271","Lee Konitz","Mean to Me","as","Cool","1954","138.9",556,"Score","JazzTube","as"
"272","Lee Konitz","Tautology","as","Cool","1949","265.8",351,"Score","JazzTube","as"
"273","Lee Konitz","Wow","as","Cool","1949","173.7",119,"Score","JazzTube","as"
"274","Lee Morgan","Blue Train","tp","Hardbop","1957","133.6",616,"Score","JazzTube","tp"
"275","Lee Morgan","Just One of Those Things","tp","Hardbop","1957","318.7",821,"Score","JazzTube","tp"
"276","Lee Morgan","The Sidewinder","tp","Hardbop","1963","156.3",396,"Score","JazzTube","tp"
"277","Lee Morgan","Totem Pole","tp","Postbop","1963","138.4",410,"Score","JazzTube","tp"
"278","Lester Young","After Theatre Jump","ts","Swing","1944","176.0",305,"Score","JazzTube","ts"
"279","Lester Young","Body and Soul","ts","Swing","1942","79.2",238,"Score","JazzTube","ts"
"280","Lester Young","D.B. Blues","ts","Swing","1945","151.1",221,"Score","JazzTube","ts"
"281","Lester Young","Destination K.C.","ts","Swing","1944","246.0",257,"Score","JazzTube","ts"
"282","Lester Young","Dickie’s Dream","ts","Swing","1939","229.3",157,"Score","JazzTube","ts"
"283","Lester Young","Lester Leaps In","ts","Swing","1939","251.4",299,"Score","JazzTube","ts"
"284","Lester Young","Six Cats and a Prince","ts","Swing","1944","220.1",310,"Score","JazzTube","ts"
"285","Lionel Hampton","Avalon","vib","Swing","1937","241.0",151,"Score","JazzTube","vib"
"286","Lionel Hampton","Dinah","vib","Swing","1939","199.5",311,"Score","JazzTube","vib"
"287","Lionel Hampton","High Society","vib","Swing","1939","245.1",170,"Score","JazzTube","vib"
"288","Lionel Hampton","Memories of You","vib","Swing","1939","81.8",378,"Score","JazzTube","vib"
"289","Lionel Hampton","Runnin’ Wild","vib","Swing","1937","281.1",164,"Score","JazzTube","vib"
"290","Lionel Hampton","Whispering","vib","Swing","1936","99.5",152,"Score","JazzTube","vib"
"291","Louis Armstrong","Basin Street Blues","tp","Traditional","1928","107.2",219,"Score","JazzTube","tp"
"292","Louis Armstrong","Big Butter and Egg Man","cor","Traditional","1926","196.7",173,"Score","JazzTube","cor"
"293","Louis Armstrong","Cornet Chop Suey","cor","Traditional","1926","192.2",92,"Score","JazzTube","cor"
"294","Louis Armstrong","Got No Blues","cor","Traditional","1927","142.8",192,"Score","JazzTube","cor"
"295","Louis Armstrong","Gut Bucket Blues","cor","Traditional","1925","146.0",48,"Score","JazzTube","cor"
"296","Louis Armstrong","Muskrat Ramble","cor","Traditional","1926","183.7",81,"Score","JazzTube","cor"
"297","Louis Armstrong","Once in a While","cor","Traditional","1927","197.7",193,"Score","JazzTube","cor"
"298","Louis Armstrong","Savoy Blues","cor","Traditional","1927","129.3",159,"Score","JazzTube","cor"
"299","Michael Brecker","Cabin Fever","ts","Postbop","1996","299.9",1122,"Score","JazzTube","ts"
"300","Michael Brecker","Confirmation","ts","Postbop","1981","208.9",1640,"Score","JazzTube","ts"
"301","Michael Brecker","Delta City Blues","ts","Postbop","1998","281.7",521,"Score","JazzTube","ts"
"302","Michael Brecker","I Mean You","ts","Postbop","1995","180.0",551,"Score","JazzTube","ts"
"303","Michael Brecker","Midnight Voyage","ts","Postbop","1996","125.6",589,"Score","JazzTube","ts"
"304","Michael Brecker","Naked Soul","ts","Postbop","1996","92.4",771,"Score","JazzTube","ts"
"305","Michael Brecker","Never Alone","ts","Postbop","1990","48.8",323,"Score","JazzTube","ts"
"306","Michael Brecker","Nothing Personal","ts","Postbop","1987","243.8",672,"Score","JazzTube","ts"
"307","Michael Brecker","Peep","ts","Postbop","1990","319.7",1010,"Score","JazzTube","ts"
"308","Michael Brecker","Song for Bilbao","ts","Postbop","1996","184.1",402,"Score","JazzTube","ts"
"309","Miles Davis","Agitation","tp","Postbop","1965","252.8",432,"Score","JazzTube","tp"
"310","Miles Davis","Airegin","tp","Hardbop","1954","241.3",431,"Score","JazzTube","tp"
"311","Miles Davis","Bitches Brew","tp","Fusion","1969","97.5",261,"Score","JazzTube","tp"
"312","Miles Davis","Bitches Brew (2)","tp","Fusion","1969","99.6",303,"Score","JazzTube","tp"
"313","Miles Davis","Blues by Five","tp","Hardbop","1956","177.9",371,"Score","JazzTube","tp"
"314","Miles Davis","Dolores","tp","Postbop","1966","274.6",464,"Score","JazzTube","tp"
"315","Miles Davis","E.S.P.","tp","Postbop","1964","291.4",865,"Score","JazzTube","tp"
"316","Miles Davis","Eighty-One","tp","Postbop","1964","138.3",373,"Score","JazzTube","tp"
"317","Miles Davis","K.C. Blues","tp","Bebop","1951","120.1",116,"Score","JazzTube","tp"
"318","Miles Davis","Miles Runs the Voodoo Down","tp","Fusion","1969","118.3",525,"Score","JazzTube","tp"
"319","Miles Davis","Miles Runs the Voodoo Down (2)","tp","Fusion","1969","117.9",297,"Score","JazzTube","tp"
"320","Miles Davis","Oleo","tp","Hardbop","1956","271.1",224,"Score","JazzTube","tp"
"321","Miles Davis","Oleo (2)","tp","Hardbop","1956","268.0",223,"Score","JazzTube","tp"
"322","Miles Davis","Orbits","tp","Postbop","1966","264.3",342,"Score","JazzTube","tp"
"323","Miles Davis","So What","tp","Postbop","1959","138.5",221,"Score","JazzTube","tp"
"324","Miles Davis","Trane’s Blues","tp","Hardbop","1956","164.0",262,"Score","JazzTube","tp"
"325","Miles Davis","Tune Up","tp","Hardbop","1953","281.5",409,"Score","JazzTube","tp"
"326","Miles Davis","Vierd Blues","tp","Hardbop","1956","114.7",157,"Score","JazzTube","tp"
"327","Miles Davis","Walkin’","tp","Hardbop","1954","127.7",458,"Score","JazzTube","tp"
"328","Milt Jackson","All the Things You Are","vib","Cool","1952","166.9",277,"Score","JazzTube","vib"
"329","Milt Jackson","Bag’s Groove","vib","Bebop","1952","175.1",198,"Score","JazzTube","vib"
"330","Milt Jackson","Bemsha Swing","vib","Cool","1954","152.3",548,"Score","JazzTube","vib"
"331","Milt Jackson","Don’t Get Around Much Anymore","vib","Bebop","1952","182.6",244,"Score","JazzTube","vib"
"332","Milt Jackson","Softly as in a Morning Sunrise","vib","Cool","1955","137.3",844,"Score","JazzTube","vib"
"333","Milt Jackson","What’s New","vib","Bebop","1952","71.5",191,"Score","JazzTube","vib"
"334","Nat Adderley","Bohemia After Dark","tp","Hardbop","1959","295.4",378,"Score","JazzTube","tp"
"335","Nat Adderley","Work Song","tp","Hardbop","1960","155.4",270,"Score","JazzTube","tp"
"336","Ornette Coleman","Bird Food","as","Free","1959","255.8",608,"Score","JazzTube","as"
"337","Ornette Coleman","Chronology","as","Free","1959","236.0",668,"Score","JazzTube","as"
"338","Ornette Coleman","Congeniality","as","Free","1959","232.6",677,"Score","JazzTube","as"
"339","Ornette Coleman","Peace","as","Free","1959","125.7",430,"Score","JazzTube","as"
"340","Ornette Coleman","Ramblin’","as","Free","1959","201.3",474,"Score","JazzTube","as"
"341","Pat Martino","Along Came Betty","g","Postbop","1974","132.7",851,"Score","JazzTube","g"
"342","Pat Metheny","All the Things You Are","g","Postbop","1989","306.7",1093,"Score","JazzTube","g"
"343","Pat Metheny","Cabin Fever","g","Postbop","1996","308.1",450,"Score","JazzTube","g"
"344","Pat Metheny","Midnight Voyage","g","Postbop","1996","127.7",415,"Score","JazzTube","g"
"345","Pat Metheny","Nothing Personal","g","Postbop","1987","242.1",416,"Score","JazzTube","g"
"346","Paul Desmond","Alianca","as","Cool","1964","232.7",203,"Score","JazzTube","as"
"347","Paul Desmond","Alianca (2)","as","Cool","1964","235.9",102,"Score","JazzTube","as"
"348","Paul Desmond","Alone Together","as","Cool","1963","199.9",577,"Score","JazzTube","as"
"349","Paul Desmond","Blue Rondo a la Turk","as","Cool","1959","117.1",343,"Score","JazzTube","as"
"350","Paul Desmond","Bossa Antigua","as","Cool","1964","191.6",253,"Score","JazzTube","as"
"351","Paul Desmond","Samba Cantina","as","Cool","1964","150.8",292,"Score","JazzTube","as"
"352","Paul Desmond","Samba Cantina (2)","as","Cool","1964","152.7",127,"Score","JazzTube","as"
"353","Paul Desmond","The Girl from East 9th Street","as","Cool","1964","142.1",272,"Score","JazzTube","as"
"354","Pepper Adams","A Night in Tunisia","bs","Hardbop","1957","127.7",863,"Score","JazzTube","bs"
"355","Pepper Adams","Early Morning Mood","bs","Hardbop","1958","59.8",366,"Score","JazzTube","bs"
"356","Pepper Adams","How High the Moon","bs","Hardbop","1958","115.7",196,"Score","JazzTube","bs"
"357","Pepper Adams","Just One of Those Things","bs","Hardbop","1957","314.0",778,"Score","JazzTube","bs"
"358","Pepper Adams","You’d Be So Nice to Come Home to","bs","Hardbop","1958","88.6",140,"Score","JazzTube","bs"
"359","Phil Woods","Be My Love","as","Bebop","1955","218.0",712,"Score","JazzTube","as"
"360","Phil Woods","Cotton Tail","as","Bebop","1961","241.5",200,"Score","JazzTube","as"
"361","Phil Woods","Crazy Rhythm","as","Bebop","1961","236.2",183,"Score","JazzTube","as"
"362","Phil Woods","Honeysuckle Rose","as","Bebop","1961","233.3",239,"Score","JazzTube","as"
"363","Phil Woods","On a Slow Boat to China","as","Bebop","1955","242.6",847,"Score","JazzTube","as"
"364","Phil Woods","Strollin’ with Pam","as","Bebop","1955","138.9",621,"Score","JazzTube","as"
"365","Red Garland","Oleo","p","Hardbop","1956","264.9",380,"Score","JazzTube","p"
"366","Rex Stewart","Perdido","cor","Swing","1950","177.8",277,"Score","JazzTube","cor"
"367","Roy Eldridge","Body and Soul","tp","Swing","1938","107.0",313,"Score","JazzTube","tp"
"368","Roy Eldridge","King David","tp","Swing","1950","149.8",115,"Score","JazzTube","tp"
"369","Roy Eldridge","St. Louis Blues","tp","Swing","1944","361.3",275,"Score","JazzTube","tp"
"370","Roy Eldridge","The Gasser","tp","Swing","1943","231.3",418,"Score","JazzTube","tp"
"371","Roy Eldridge","The Gasser (2)","tp","Swing","1943","237.7",305,"Score","JazzTube","tp"
"372","Roy Eldridge","Undecided","tp","Swing","1950","243.6",322,"Score","JazzTube","tp"
"373","Sidney Bechet","Baby Won’t You Please Come Home","ss","Traditional","1941","207.0",100,"Score","JazzTube","ss"
"374","Sidney Bechet","I’m Coming Virginia","ss","Traditional","1941","192.8",105,"Score","JazzTube","ss"
"375","Sidney Bechet","Limehouse Blues","ss","Traditional","1941","273.6",231,"Score","JazzTube","ss"
"376","Sidney Bechet","Really the Blues","ss","Traditional","1938","70.6",254,"Score","JazzTube","ss"
"377","Sidney Bechet","Summertime","ss","Traditional","1938","84.2",388,"Score","JazzTube","ss"
"378","Sonny Rollins","Airegin","ts","Hardbop","1954","242.6",552,"Score","JazzTube","ts"
"379","Sonny Rollins","Blue Seven","ts","Hardbop","1956","134.6",353,"Score","JazzTube","ts"
"380","Sonny Rollins","Blue Seven (2)","ts","Hardbop","1956","137.6",135,"Score","JazzTube","ts"
"381","Sonny Rollins","Blue Seven (3)","ts","Hardbop","1956","133.3",178,"Score","JazzTube","ts"
"382","Sonny Rollins","I’ll Remember April (Alternate Take  2)","ts","Hardbop","1956","294.0",461,"Score","JazzTube","ts"
"383","Sonny Rollins","Playin’ in the Yard","ts","Fusion","1972","155.2",266,"Score","JazzTube","ts"
"384","Sonny Rollins","Playin’ in the Yard (2)","ts","Fusion","1972","159.4",164,"Score","JazzTube","ts"
"385","Sonny Rollins","St. Thomas","ts","Hardbop","1956","207.0",435,"Score","JazzTube","ts"
"386","Sonny Rollins","St. Thomas (2)","ts","Hardbop","1956","224.1",366,"Score","JazzTube","ts"
"387","Sonny Rollins","Tenor Madness","ts","Hardbop","1956","175.6",507,"Score","JazzTube","ts"
"388","Sonny Rollins","The Everywhere Calypso","ts","Postbop","1972","192.6",601,"Score","JazzTube","ts"
"389","Sonny Rollins","The Everywhere Calypso (2)","ts","Postbop","1972","197.2",949,"Score","JazzTube","ts"
"390","Sonny Rollins","Vierd Blues","ts","Hardbop","1956","114.4",432,"Score","JazzTube","ts"
"391","Sonny Stitt","Blue Mode","ts","Bebop","1949","60.7",353,"Score","JazzTube","ts"
"392","Sonny Stitt","Blues in Be-Bop","as","Bebop","1946","185.8",127,"Score","JazzTube","as"
"393","Sonny Stitt","Body and Soul","as","Bebop","1948","67.7",469,"Score","JazzTube","as"
"394","Sonny Stitt","Elora","ts","Bebop","1949","192.7",226,"Score","JazzTube","ts"
"395","Sonny Stitt","Good Kick","as","Bebop","1946","173.4",235,"Score","JazzTube","as"
"396","Sonny Stitt","Teapot","ts","Bebop","1949","167.9",349,"Score","JazzTube","ts"
"397","Stan Getz","Blues in the Closet","ts","Cool","1957","242.5",905,"Score","JazzTube","ts"
"398","Stan Getz","Body and Soul","ts","Cool","1964","63.4",571,"Score","JazzTube","ts"
"399","Stan Getz","Crazy Rhythm","ts","Cool","1957","287.9",1233,"Score","JazzTube","ts"
"400","Stan Getz","I’m Glad There Is You","ts","Cool","1957","67.0",187,"Score","JazzTube","ts"
"401","Stan Getz","Insensatez","ts","Cool","1963","128.2",155,"Score","JazzTube","ts"
"402","Stan Getz","My Funny Valentine","ts","Cool","1957","130.7",654,"Score","JazzTube","ts"
"403","Steve Coleman","Cross-Fade","as","Fusion","1990","144.8",129,"Score","JazzTube","as"
"404","Steve Coleman","Cross-Fade (2)","as","Fusion","1990","145.9",78,"Score","JazzTube","as"
"405","Steve Coleman","Double Vision","ss","Postbop","1985","242.2",979,"Score","JazzTube","ss"
"406","Steve Coleman","Pass It On","as","Fusion","1991","104.9",325,"Score","JazzTube","as"
"407","Steve Coleman","Processional","as","Postbop","1989","103.9",477,"Score","JazzTube","as"
"408","Steve Coleman","Segment","as","Postbop","1988","240.0",983,"Score","JazzTube","as"
"409","Steve Coleman","Slipped again","as","Postbop","1991","131.6",262,"Score","JazzTube","as"
"410","Steve Coleman","Take the Coltrane","as","Postbop","1988","240.0",1004,"Score","JazzTube","as"
"411","Steve Coleman","The Oracle","as","Postbop","1989","97.7",551,"Score","JazzTube","as"
"412","Steve Coleman","The Oracle (2)","as","Postbop","1989","104.0",764,"Score","JazzTube","as"
"413","Steve Lacy","Alone Together","ss","Hardbop","1957","134.9",204,"Score","JazzTube","ss"
"414","Steve Lacy","Ask Me Now","ss","Hardbop","1958","85.4",189,"Score","JazzTube","ss"
"415","Steve Lacy","Easy to Love","ss","Hardbop","1957","166.3",697,"Score","JazzTube","ss"
"416","Steve Lacy","Let’s Cool One","ss","Hardbop","1961","132.2",352,"Score","JazzTube","ss"
"417","Steve Lacy","Skippy","ss","Hardbop","1958","266.8",582,"Score","JazzTube","ss"
"418","Steve Lacy","Work","ss","Hardbop","1957","165.9",308,"Score","JazzTube","ss"
"419","Steve Turre","Dat Dere","tb","Postbop","1987","116.0",520,"Score","JazzTube","tb"
"420","Steve Turre","If I Were a Bell","tb","Postbop","1987","257.1",307,"Score","JazzTube","tb"
"421","Steve Turre","Steve’s Blues","tb","Postbop","1987","204.3",269,"Score","JazzTube","tb"
"422","Von Freeman","Pass It On","ts","Fusion","1991","105.9",461,"Score","JazzTube","ts"
"423","Warne Marsh","Crosscurrent","ts","Cool","1949","258.2",196,"Score","JazzTube","ts"
"424","Warne Marsh","Tautology","ts","Cool","1949","269.9",370,"Score","JazzTube","ts"
"425","Warne Marsh","Wow","ts","Cool","1949","175.1",109,"Score","JazzTube","ts"
"426","Wayne Shorter","Adam’s Apple","ts","Postbop","1966","174.4",351,"Score","JazzTube","ts"
"427","Wayne Shorter","Dolores","ts","Postbop","1966","277.4",418,"Score","JazzTube","ts"
"428","Wayne Shorter","Down Under","ts","Hardbop","1961","147.1",273,"Score","JazzTube","ts"
"429","Wayne Shorter","E.S.P.","ts","Postbop","1964","284.5",360,"Score","JazzTube","ts"
"430","Wayne Shorter","Eighty-One","ts","Postbop","1964","138.4",375,"Score","JazzTube","ts"
"431","Wayne Shorter","Footprints","ts","Postbop","1966","136.1",440,"Score","JazzTube","ts"
"432","Wayne Shorter","Infant Eyes","ts","Postbop","1964","51.3",157,"Score","JazzTube","ts"
"433","Wayne Shorter","Juju","ts","Postbop","1964","178.2",730,"Score","JazzTube","ts"
"434","Wayne Shorter","Orbits","ts","Postbop","1966","267.1",259,"Score","JazzTube","ts"
"435","Wayne Shorter","Speak No Evil","ts","Postbop","1964","142.7",452,"Score","JazzTube","ts"
"436","Woody Shaw","Dat Dere","tp","Postbop","1987","114.7",406,"Score","JazzTube","tp"
"437","Woody Shaw","If I Were a Bell","tp","Postbop","1987","252.3",306,"Score","JazzTube","tp"
"438","Woody Shaw","Imagination","tp","Postbop","1987","60.1",349,"Score","JazzTube","tp"
"439","Woody Shaw","In a Capricornian Way","cor","Postbop","1978","171.8",864,"Score","JazzTube","cor"
"440","Woody Shaw","Rahsaan’s Run","tp","Postbop","1977","297.8",347,"Score","JazzTube","tp"
"441","Woody Shaw","Rosewood","tp","Postbop","1977","171.7",465,"Score","JazzTube","tp"
"442","Woody Shaw","Stepping Stone","cor","Postbop","1978","266.2",160,"Score","JazzTube","cor"
"443","Woody Shaw","Steve’s Blues","tp","Postbop","1987","205.5",296,"Score","JazzTube","tp"
"444","Wynton Marsalis","April in Paris","tp","Postbop","1986","153.7",495,"Score","JazzTube","tp"
"445","Wynton Marsalis","Caravan","tp","Postbop","1986","196.6",526,"Score","JazzTube","tp"
"446","Wynton Marsalis","Cherokee","tp","Postbop","1986","338.0",679,"Score","JazzTube","tp"
"447","Wynton Marsalis","Cherokee II","tp","Postbop","1986","340.3",655,"Score","JazzTube","tp"
"448","Wynton Marsalis","Johnny Come Lately","tp","Postbop","1991","245.4",292,"Score","JazzTube","tp"
"449","Wynton Marsalis","U.M.M.G.","tp","Postbop","1991","221.3",261,"Score","JazzTube","tp"
"450","Wynton Marsalis","You’re My Everything","tp","Postbop","1990","137.6",162,"Score","JazzTube","tp"
"451","Zoot Sims","All the Things You Are","ts","Cool","1950","192.2",176,"Score","JazzTube","ts"
"452","Zoot Sims","Dancing in the Dark","ts","Cool","1950","124.7",110,"Score","JazzTube","ts"
"453","Zoot Sims","Dancing in the Dark (2)","ts","Cool","1950","122.1",169,"Score","JazzTube","ts"
"454","Zoot Sims","King David","ts","Cool","1950","151.1",103,"Score","JazzTube","ts"
"455","Zoot Sims","Night and Day","ts","Cool","1950","216.7",359,"Score","JazzTube","ts"
"456","Zoot Sims","Night and Day (2)","ts","Cool","1950","217.6",219,"Score","JazzTube","ts"
